{"cameraMode":{"drawMode":0,"name":"Shaded","section":"Shading Mode"},"sceneLighting":false,"audioPlay":false,"sceneViewState":{"m_AlwaysRefresh":false,"showFog":true,"showSkybox":false,"showFlares":true,"showImageEffects":true,"showParticleSystems":true,"showVisualEffectGraphs":true,"m_FxEnabled":true},"in2DMode":false,"pivot":{"x":-50.84733200073242,"y":1.7573996782302857,"z":-91.56487274169922},"rotation":{"x":0.011313751339912415,"y":0.9976354837417603,"z":-0.05639618635177612,"w":-0.03858533874154091},"size":1.9194087982177735,"orthographic":false}