{"cameraMode":{"drawMode":0,"name":"Shaded","section":"Shading Mode"},"sceneLighting":false,"audioPlay":false,"sceneViewState":{"m_AlwaysRefresh":false,"showFog":true,"showSkybox":false,"showFlares":true,"showImageEffects":true,"showParticleSystems":true,"showVisualEffectGraphs":true,"m_FxEnabled":true},"in2DMode":false,"pivot":{"x":-50.779998779296878,"y":0.9249999523162842,"z":-91.69000244140625},"rotation":{"x":0.019168125465512277,"y":0.9624480605125427,"z":-0.018456410616636277,"w":0.27029404044151308},"size":1.0292218923568726,"orthographic":false}