{"cameraMode":{"drawMode":0,"name":"Shaded","section":"Shading Mode"},"sceneLighting":true,"audioPlay":false,"sceneViewState":{"m_AlwaysRefresh":false,"showFog":true,"showSkybox":true,"showFlares":true,"showImageEffects":true,"showParticleSystems":true,"showVisualEffectGraphs":true,"m_FxEnabled":true},"in2DMode":false,"pivot":{"x":1.887770175933838,"y":2.119290351867676,"z":-0.2736179828643799},"rotation":{"x":0.08230749517679215,"y":-0.4001000225543976,"z":0.036106519401073459,"w":0.912056028842926},"size":0.5927833318710327,"orthographic":false}