{"cameraMode":{"drawMode":0,"name":"Shaded","section":"Shading Mode"},"sceneLighting":false,"audioPlay":false,"sceneViewState":{"m_AlwaysRefresh":false,"showFog":false,"showSkybox":false,"showFlares":false,"showImageEffects":false,"showParticleSystems":false,"showVisualEffectGraphs":true,"m_FxEnabled":true},"in2DMode":false,"pivot":{"x":-0.012964500114321709,"y":1.0308151245117188,"z":-0.058314286172389987},"rotation":{"x":0.0003884106408804655,"y":-0.9976389408111572,"z":0.07380669564008713,"w":0.021166307851672174},"size":1.3521552085876465,"orthographic":false}