{"cameraMode":{"drawMode":0,"name":"Shaded","section":"Shading Mode"},"sceneLighting":false,"audioPlay":false,"sceneViewState":{"m_AlwaysRefresh":false,"showFog":true,"showSkybox":false,"showFlares":true,"showImageEffects":true,"showParticleSystems":true,"showVisualEffectGraphs":true,"m_FxEnabled":true},"in2DMode":false,"pivot":{"x":-43.099998474121097,"y":1.0920000076293946,"z":-94.30999755859375},"rotation":{"x":-0.004390563350170851,"y":-0.700724720954895,"z":-0.014515631832182408,"w":-0.7133791446685791},"size":1.4375792741775513,"orthographic":false}